name,Name
FRANCOIS_ALFONSI,François ALFONSI
CATHERINE_AMALRIC,Catherine AMALRIC
MATHILDE_ANDROUET,Mathilde ANDROUËT
MANON_AUBRY,Manon AUBRY
JORDAN_BARDELLA,Jordan BARDELLA
NICOLAS_BAY,Nicolas BAY
AURELIA_BEIGNEUX,Aurélia BEIGNEUX
FRANCOIS-XAVIER_BELLAMY,François-Xavier BELLAMY
STEPHANE_BIJOUX,Stéphane BIJOUX
DOMINIQUE_BILDE,Dominique BILDE
BENOIT_BITEAU,Benoît BITEAU
GILLES_BOYER,Gilles BOYER
ANNIKA_BRUNA,Annika BRUNA
SYLVIE_BRUNET,Sylvie BRUNET
PASCAL_CANFIN,Pascal CANFIN
DAMIEN_CAREME,Damien CARÊME
CATHERINE_CHABAUD,Catherine CHABAUD
PATRICIA_CHAGNON,Patricia CHAGNON
LEILA_CHAIBI,Leila CHAIBI
ILANA_CICUREL,Ilana CICUREL
CHRISTOPHE_CLERGEAU,Christophe CLERGEAU
NATHALIE_COLIN-OESTERLE,Nathalie COLIN-OESTERLÉ
GILBERT_COLLARD,Gilbert COLLARD
DAVID_CORMAND,David CORMAND
ARNAUD_DANJEAN,Arnaud DANJEAN
MARIE_DAUCHY,Marie DAUCHY
JEREMY_DECERLE,Jérémy DECERLE
GWENDOLINE_DELBOS-CORFIELD,Gwendoline DELBOS-CORFIELD
KARIMA_DELLI,Karima DELLI
GEOFFROY_DIDIER,Geoffroy DIDIER
PASCAL_DURAND,Pascal DURAND
LAURENCE_FARRENG,Laurence FARRENG
JEAN-PAUL_GARRAUD,Jean-Paul GARRAUD
RAPHAEL_GLUCKSMANN,Raphaël GLUCKSMANN
SANDRO_GOZI,Sandro GOZI
CATHERINE_GRISET,Catherine GRISET
CHRISTOPHE_GRUDLER,Christophe GRUDLER
CLAUDE_GRUFFAT,Claude GRUFFAT
BERNARD_GUETTA,Bernard GUETTA
SYLVIE_GUILLAUME,Sylvie GUILLAUME
VALERIE_HAYER,Valérie HAYER
JEAN-FRANCOIS_JALKH,Jean-François JALKH
FRANCE_JAMET,France JAMET
VIRGINIE_JORON,Virginie JORON
HERVE_JUVIN,Hervé JUVIN
PIERRE_KARLESKIND,Pierre KARLESKIND
FABIENNE_KELLER,Fabienne KELLER
JEAN-LIN_LACAPELLE,Jean-Lin LACAPELLE
AURORE_LALUCQ,Aurore LALUCQ
PIERRE_LARROUTUROU,Pierre LARROUTUROU
GUY_LAVOCAT,Guy LAVOCAT
GILLES_LEBRETON,Gilles LEBRETON
NATHALIE_LOISEAU,Nathalie LOISEAU
THIERRY_MARIANI,Thierry MARIANI
LYDIE_MASSARD,Lydie MASSARD
EMMANUEL_MAUREL,Emmanuel MAUREL
NORA_MEBAREK,Nora MEBAREK
MARINA_MESURE,Marina MESURE
ERIC_MINARDI,Eric MINARDI
NADINE_MORANO,Nadine MORANO
PHILIPPE_OLIVIER,Philippe OLIVIER
YOUNOUS_OMARJEE,Younous OMARJEE
MAX_ORVILLE,Max ORVILLE
ANNE-SOPHIE_PELLETIER,Anne-Sophie PELLETIER
MAXETTE_PIRBAKAS,Maxette PIRBAKAS
DOMINIQUE_RIQUET,Dominique RIQUET
JEROME_RIVIERE,Jérôme RIVIÈRE
CAROLINE_ROOSE,Caroline ROOSE
ANDRE_ROUGE,André ROUGÉ
LAURENCE_SAILLIET,Laurence SAILLIET
ANNE_SANDER,Anne SANDER
MOUNIR_SATOURI,Mounir SATOURI
FRANCOIS_THIOLLET,François THIOLLET
IRENE_TOLLERET,Irène TOLLERET
MARIE_TOUSSAINT,Marie TOUSSAINT
MARIE-PIERRE_VEDRENNE,Marie-Pierre VEDRENNE
SALIMA_YENBOU,Salima YENBOU
STEPHANIE_YON-COURTIN,Stéphanie YON-COURTIN
BRICE_HORTEFEUX,Brice HORTEFEUX
